,recommended,review_text
0,0,not sure lost flat characters audience nearly half walked 
1,0,attempting artiness black white clever camera angles movie disappointed became even ridiculous acting poor plot lines almost non-existent 
2,0,little music anything speak 
3,1,best scene movie gerardo trying find song keeps running head 
4,0,rest movie lacks art charm meaning emptiness works guess empty 
5,0,wasted two hours 
6,1,saw movie today thought good effort good messages kids 
7,0,bit predictable 
8,1,loved casting jimmy buffet science teacher 
9,1,baby owls adorable 
10,1,movie showed lot florida best made look appealing 
11,1,songs best muppets hilarious 
12,1,cool 
13,1,`` right case '' movie delivers everything almost right face 
14,0,average acting main person low budget clearly see 
15,1,review long overdue since consider tale two sisters single greatest film ever made 
16,1,put gem movie terms screenplay cinematography acting post-production editing directing aspect film-making 
17,1,practically perfect  true masterpiece sea faux `` masterpieces 
18,0,structure film easily tightly constructed history cinema 1 think film something vitally important occurs every minute 1 words content level film enough easily fill dozen films 1 anyone right mind ask anything movie 1 quite simply highest superlative form cinema imaginable 1 yes film require rather significant amount puzzle-solving but pieces fit together create beautiful picture 1 short film certainly pulls punches 0 graphics far best part game 0 number one best th game series 1 deserves strong love 1 insane game 1 massive levels massive unlockable characters massive game 1 waste money game 1 kind money wasted properly 1 actually graphics good time 1 today graphics crap 0 say canada fun game aye 1 game rocks 1 buy play enjoy love 1 pure brilliance 1 flick doomed conception 0 idea lame take minor character mediocre pg-13 film make complete non-sequel changing tone pg-rated family movie 0 not least bit interested 0 not confirm film would unfunny generic but also managed give away entire movie 'm not exaggerating every moment every plot point every joke told trailer 0 but not funny 0 but even talented carrell not save 0 co-stars not fare much better people like morgan freeman jonah hill ed helms wasted 0 story predictable lazy 0 real effects work presence animals integration scenes worst obvious blue/green-screen work 've ever seen 0 but whatever cost much not translate quality sure 0 film succeeds despite perhaps obviously meagre budget 1 'm glad film not go obvious choice lesser film certainly would 1 addition one lovely songs ever written french cancan also boasts one cutest leading ladies ever grace screen 1 hard not fall head-over-heels love girl 1 negative insipid enough cause regret another 2 hours life wasted front screen 0 long whiny pointless 0 but recommend waiting future efforts let one go 0 excellent cast story line performances 1 totally believable 1 anne heche utterly convincing 1 sam shepard portrayal gung ho marine sobering 1 sat riveted tv screen 1 give one resounding 9 10 1 think tom hanks good actor 1 enjoyed reading book children little 1 disappointed movie 0 one character totally annoying voice gives feeling fingernails chalkboard 0 totally unnecessary train/roller coaster scene 0 absolutely warmth charm scenes characters 0 movie totally grates nerves 0 performances not improved improvisation actors twice much worry not whether delivering line well but whether line good 0 quite honestly often not good 0 often dialogue not really follow one line another fit surroundings 0 crackles unpredictable youthful energy but honestly found hard follow concentrate meanders badly 0 generally great things 1 would not say worth 2 hours time though 0 suspense builders good cross line g pg 1 especially liked non-cliche choices parents movies could predict dialog verbatim but writing movie made better selections 1 want movie not gross but gives chills great choice 1 alexander nevsky great film 1 amazing film artist one important whoever lived 1 'm glad pretentious piece not planned dodge stratus big shots gon na help movie makers not restrained movie business '' québec 
19,1,first movie 've given 10 years 
20,1,ever movie needed word-of-mouth promote 
21,1,overall film interesting thought-provoking 
22,1,plus well-paced suited relatively short run time 
23,1,give one look 
24,1,gave 10 
25,1,wind lion well written superbly acted 
26,1,true classic 
27,1,actually turned pretty decent far b-list horror/suspense films go 
28,1,definitely worth checking 
29,0,problem script 
30,0,horrendous 
31,0,nothing believable 
32,0,suspense feeling frustration retarded girls 
33,1,manna heaven terrific film predictable unpredictable time 
34,1,scenes often funny occasionally touching characters evaluate lives going 
35,1,cast veteran actors nostalgia trip 
36,1,ursula burton portrayal nun touching funny time making fun nuns church 
37,1,looking movie terrific cast good music including shirley jones rendition `` way look tonight '' uplifting ending give one try 
38,1,not think disappointed 
39,0,frankly cotton club unfaithful kind embarrassing watch lane gere film bad 
40,0,acting bad dialogs extremely shallow insincere 
41,0,predictable even chick flick 
42,0,politically correct 
43,0,disappointing 
44,1,thing really worth watching scenery house beautiful 
45,0,love lane but 've never seen movie lousy 
46,0,hour half wish could bring back 
47,1,but terms writing fresh bold 
48,1,acting helps writing along well maybe idiot-savant sister could played better real joy watch 
49,0,directing cinematography not quite good 
50,0,movie boring sometimes found occupied peaking paper instead watching never happened columbo movie 
51,0,sometimes embarrassing look away 
52,0,directing seems pretentious 
53,0,scenes `` oh-so-mature '' neighbour-girl misplace 
54,0,generally lines plot weaker average episode 
55,0,scene debated whether not sack trumpeter falsely accused murder pure horror really stupid 
56,1,applause given `` prelude '' however 
57,1,really liked 
58,1,great film great director 
59,1,movie edge seat made somewhat afraid go car end night 
60,1,music film really nice 
61,1,'d advise anyone go see 
62,1,brilliant 
63,1,10/10 
64,1,liked movie way much 
65,0,problem thought actor playing villain low rent michael ironside 
66,1,rocked world certainly must see anyone social physical outlets 
67,0,however not make fact overall tremendously boring movie 
68,0,chemistry ben affleck sandra bullock film could not understand would consider even leaving wife-to-be chick supposedly knocked 
69,0,several moments movie not need excruciatingly slow moving 
70,0,poor remake `` best friends wedding '' 
71,0,great disappointment 
72,0,not believe actors agreed `` film '' 
73,0,could not stand even watch long fear losing i.q 
74,0,guess nobody network aired dribble watched putting 
75,0,imdb ratings go low 1 awful time get negative numbers cases 
76,0,saw `` mirrormask '' last night unsatisfactory experience 
77,0,unfortunately inexperience direction meant scene scene passed little way dramatic tension conflict 
78,0,central themes film handled ineptly stereotypically depth imagination 
79,0,pretty pictures world not make piece work flawed core 
80,0,hour half waste time following bunch pretty high schoolers whine cry life 
81,0,not relate hell barely understand 
82,1,definitely cult classic well worth viewing sharing others 
83,0,movie pure disaster story stupid editing worst seen confuses incredibly 
84,0,fish badly made underwater shots repeated thousand times film 
85,0,truly truly bad film 
86,0,acting terrible writing worse 
87,0,possible way movie could redeemed would mst3k fodder 
88,0,paid much 
89,1,also real treat see anthony quinn playing crazy horse 
90,0,boring 
91,0,plot whatsoever 
92,0,plot 
93,0,horrible 
94,0,worst hour half life oh gosh 
95,0,walk theatre minutes get relief 
96,0,hate movies like 
97,0,yeah movie pretty much sucked 
98,0,plot storyline 
99,0,go see movie bring pillow girlfriend/boyfriend keep occupied 
100,0,awful 
101,0,not think 've ever gone movie disliked much 
102,0,good thing tickets cost five dollars would mad 'd paid 7.50 see crap 
103,0,nobody identifies characters cardboard cutouts stereotypes predictably reverse-stereotypes 
104,0,bad film bad writing good actors .... ugly cartoon crafted paul haggis people not handle anything but bold strokes storytelling .... picture painted crayons 
105,0,crash depressing little nothing provokes emotion but teaches nothing already know racism prejudice bad things 
106,1,still like movie empowerment women not enough movies like one 
107,0,brain attempt shut-down part primal impulse self-preservation 
108,0,left shattered experience watching 'film took good two hours fully recover 
109,0,movie joins revenge boogeyman zombiez part hellish trinity horror films 
110,0,certainly not mean distinction good way 
111,0,mean terrible way 
112,0,film redeeming features 
113,0,everything appalling 
114,0,artless camera-work endlessly presents us ugliest setting imaginable i.e 
115,0,story beyond stupid 
116,0,script script 
117,0,kids annoying 
118,0,lead man charisma-free 
119,0,utterly without merit level akin torture 
120,0,even say  torture 
121,0,maybe would reasonable explanation atrocity 
122,0,not pleasant voyage self-discovery 
123,0,highly unrecommended 
124,0,premise sound stupid 
125,0,yes bad 
126,0,nothing recommend 
127,1,excellent performance ms 
128,1,garbo showed right bat talents could carry silent era wanted see silent work but netflix not seem stocking 
129,1,also great see renowned silent screenwriter frances marion not missed step going silent sound 
130,0,movie suffered writing needed suspense 
131,0,many close ups 
132,0,but movie seemed drag heroes not really work freedom 
133,0,but movie definitely average rent 
134,1,love 1 movie bad 0 bad 0 film way long 0 definitely one bad ones 0 movie received great quality film age 1 john wayne incredible job young movie industry 1 screen presence shined thought even though senior actors screen 1 think must see older john wayne film 1 really not see anyone could enjoy movie 0 not think 've ever seen movie half boring self-indulgent piece junk 0 probably would better director not spent movie showcasing art work really not noteworthy 0 another thing not really like character got punched face gallon blood would spew forth soon 0 jamie foxx absolutely ray charles 1 performance simply genius 1 owns film spacek owned coal miner daughter '' quaid owned `` great balls fire 
135,0,fact hard remember part ray charles acted not played man 1 ray charles legendary 1 ray charles life provided excellent biographical material film goes well beyond another movie musician 1 hitchcock great director 1 ironically mostly find films total waste time watch 0 secondly hitchcock pretty much perfected thriller chase movie 1 pandering audience sabotages films 0 hence whole story lacks certain energy 0 plot simply rumbles like machine desperately depending addition new scenes 0 usual hitchcock logic flaws 0 mishima extremely uninteresting 0 chilly unremarkable movie author living/working chilly abstruse culture 0 flat reenactments not hold attention emotionally adrift stagy 0 rest sits awful soldiers singing songs masculinity pledge hairsplitting purity admiration swords etc 0 bore pieces kill momentum movie quicker anyone else 0 schrader made resume full lousy amateurish films 0 first watched movie 80s loved 1 totally fascinated music dancing everything 1 however recently watched whole thing dvd completely struck extremely stupid storyline contained holes inconsistencies frankly whole lot crap horrid dancing 0 mean realistic world would never gotten ballet repertory whole thing quite pathetic 0 character developments also lacked depth 0 woa talk awful 0 not waste time 0 horrible 0 worst sappiest dialogue could go 0 but really made unwatchable direction 0 poor actors 0 not even tell talent not pathetic lines speak but director gave action 0 check director filmography site see film not chance 0 would not even good made tv flick 0 good intentions made film great film might one greatest films ever made 1 film great actors master director significant theme -- least would-be significant theme undertone fifties existential world-weariness aerial scenes ought thrilled senses imagination characters one might deeply care 1 regrettably film fails 0 movie lacks visual interest drama expression feeling celebration patriotism underlines narrative 0 actress worse used june allison movie 0 yet enjoy watching 1 unfortunately bad movie plain bad 0 bad script bad direction horrible acting make one plain bad 0 dialogue sucked 0 cinematography-if called that-sucked 0 soundtrack sucked 0 acting sucked 0 concert sequences sucked 0 nice 1 funny 1 funny 1 overall movie cheap trash 0 but movie not funny considering ridiculousness 0 came feeling angry 0 spoilers whatever else not said surface superbly crafted 1 cinematography simply stunning say least fx nothing not state-of-the-art 1 conceptually show offers little bit everything- everybody parents kids fantasy and/or fx fans 1 not single sour note struck acting-wise either surprisingly solid casting 1 things considered job well done 1 thanks good movie like done released 1 one best mexican movies ever one less understood even mexican matter identified felt 1 ranks highly great noir-crime-drama incredible performances belmondo lino ventura 1 attention given every character complex psychological portrayals detailing loyalty treachery love hope tremendous 1 excellent drama excellent thriller excellent film 1 best melville 1 everything film simply incredible 1 truly take journey eyes soul child 1 black water thriller manages completely transcend limitations indie flick continually subverting expectations emerge intense experience 1 performances real gripping crocdodile extremely well done indeed black water website believed used real crocs swamp location fabulous 1 thoroughly enjoyed christopher eccleston took control tardis continuation series 1 'm not sure trying film 0 turn good day feeling night disturbing memories guess succeeded 0 lot beautiful places 1 forced like everything movie 0 lame 0 movie really pi ed 0 not even get started jerky camerawork 0 saw theater thought going sick 0 summary witticisms not witty 0 plot well said 'd let one go 0 acting bad 0 really bad 0 even billy bob could not rise script worse 0 camerawork bad 0 rating 1 10 0 amazing finale possibly best trilogy time 1 kieslowski never ceases amaze 1 one favourite directors one talented directors history cinema 1 use colours french flag three films nothing short incredible every shot every scene like work art 1 three visually appealing movies 've ever seen 1 subtle connections three films awesome 1 mention huge spoiler loved ending characters three films remaining survivors ferry disaster valentine young judge together old man watching tv solidifying happiness suffering dealt many years 1 could not think better way end film but smile face great way wrap amazing film trilogy 1 recommend everyone loves film movies anything work art 1 10 10 movie trilogy 1 literally vomited watching film 0 think one people found another one roth pearls 1 performance awarded stunning 1 story told eloquently francis ford coppola 25 years earlier really unfolds gradually leaves room characters develop 1 wonderful location lies story contrast 1 beautiful directed film nicola roeg wih sublime cast 1 'm translating movies living first movie 5-year working experience found offensive intelligence 0 but someone strives greatness poetry but delivers muddled often ridiculous story bunch disparate scenes pretentious dialogue get worst kind movie reviewer accurately defined pretentious crap '' 
136,0,find movie intelligent even masterful say intelligence imagination obviously used try make sense pitiful attempt human nature try make sense things 
137,0,one thing tolerate political incorrectness well 'm artistic freedom suspension disbelief but slavic female character much 
138,1,fun funny movie 
139,1,highly entertaining angles 
140,1,features outlandish array memorable psychotic but lovable nuts 
141,1,enjoyment get see run around play games dangerous 
142,1,even sweet moments 
143,1,telephone repair man really funny reactions nuts bitchy boss truly genuine 
144,1,characters film tremendously well played 
145,1,really find funny 
146,1,actually smart movie 
147,1,brilliant twist ending 
148,0,love 1 ending perfect shed tear 1 thrilled seeing movie like 1 never forget 1 not cult cult classic 1 depth character man underneath 0 malta settings dry barren dialogue 0 movie terrible 0 hockey scenes terrible defensemen playing like 5 years old goalies diving shots 10 feet wide net etc 0 not seen not waste time 0 call movie drama ridiculous 0 started watching but not believe characters 0 particular relationship bakery assistant waitress not work 0 superficial movie gave feeling watching play rather film 0 characters 'stagey storyline lot like stage farce 0 time pyromaniac waylaid assistant bored not care happened next switched 0 glad not pay see 0 not laugh even smile 0 but not anything one big yawn 0 really good show watch 1 educational children 1 8 years old 1 barney definitely super de duper 1 pretty funny 1 babie bop cute 1 kids cool 1 but `` storm trooper '' not even bad enough make list wonderfully terrible movies 
149,0,lame 
150,0,guy said better dialogue potted plants right 
151,0,everything movie stupid 
152,0,even love bad movies not watch movie 
153,0,shameful 
154,1,would give television series 10 plus could 
155,1,writers `` smack '' think best actors actresses bonus show.these characters real 
156,1,must say taped episodes find watching 
157,1,know gave 10+ 
158,1,not know exactly movie but latched endearing movie become special part family memories 
159,1,totally absolutely recommend movie anyone likes good wholesome family movies exactly 
160,1,things four kids get absolutely hilarious watch 
161,1,one best movies shows strong sibling bond 
162,1,much interesting action suspense less unneeded controversy 
163,1,everything acting cinematography solid 
164,1,definitely worth checking 
165,1,damian talented versatile many ways writing portraying different characters screen 
166,1,movie cutting edge 
167,1,pleased know modern day genius letting passion art drive taking us audience 
168,0,new characters not memorable found forgetting 
169,0,felt though going ireland absolutely nothing whatsoever 
170,0,not make scared horrified make sympathetic towards characters simply annoying 
171,0,jerky camera movements also annoying 
172,0,plot pretty much every cheap horror 
173,0,pathetic attempts give characters depth but not really work rest plot 
174,0,guess supposed clever twist shed light situation but stupid 
175,0,see probably leave shelf 
176,1,elias koteas jack palance play good roles angelina hot gets naked.billy drago appears cool usual cameo sven ole thorsen helps make enjoyable movie good acting decent budget 
177,1,awesome movie bought ebay 
178,1,really loved story line poler bear kinda cute.but anyone question fort steele ask away 
179,0,totally unfunny movie top pathetic unrealistic throughout whole 90 minutes utter torture probably looked watch 70000 times 
180,0,lucy bell much higher crap sink low quite depressing 
181,0,movie make sick watching slackers make excuses stupid actions 90 minutes 
182,0,god never get 90 minutes back 
183,1,think wonderful parts literally full `` wonder '' excerpts works 
184,1,sets especially designed work camera amazing .... stylized beautiful effective 
185,1,could used exemplars set designer 
186,1,stories powerful explorations nature man art 
187,1,watching film wanted learn works artist 
188,1,highly recommend movie anyone interested art poetry theater politics japanese history 
189,1,wind lion see wonderful rendering america imperial age 
190,1,makes story different terrific production values faultless photography composition editing terrific casting underappreciated brian keith playing bully teddy vivid history 
191,1,though wind lion told largely eyes son every member family identify one characters whether sean connery noble brigand candace bergen feisty heroine john huston wily john hay steve kanaly spiffy radiant ruthless can-do lieutenant roosevelt `` big stick '' 
192,1,high adventure best 
193,1,think robert ryans best film portrayed someone like father schizophrenic real life father although never murdered anyone but affected second world war made worse 
194,1,humour get get day apt 
195,1,mother brother saw robert ryan portraying type man good imitation type individual impressed 
196,0,almost songs cover girl old-fashioned not tuneful 
197,0,annoying thing 'cover girl way rita hayworth put pedestal 
198,0,unfortunately 'cover girl example hollywood used exploit women financial gain 
199,1,non-linear narration thus many flashbacks every part articulated quite well 
200,1,good cinematography also makes monica bellucci look beautiful 
201,1,good commentary today love undoubtedly film worth seeing 
202,1,people first timers film making think excellent job 
203,1,popular cinema good house good reactions plenty laughs 
204,1,feel-good film felt came cinema 
205,1,northern humour positive community represents 
206,1,rather enjoyed 
207,1,liked 
208,0,could not take seriously 
209,1,really created unique feeling though 
210,1,vivian schilling excellent job script 
211,1,world better 95 garbage theatres today 
212,1,role played well 
213,1,not screamy not masculine but right 
214,1,camera really likes movie 
215,1,would casted role ready script 
216,1,european movie nice throwback time student 1980 experiences living abroad interacting nationalities although circumstances slightly different 
217,0,fan movie sucked really bad 
218,0,even worse ticker 
219,0,movie bad 
220,0,like 3 4 buildings used couple locations maybe poor hummh 
221,0,blew 
222,1,movie excellent angel beautiful scamp adorable little yelps hes scared funniest parts scamp caught curtain angel scamp singing 'ive never feeling before'.i totally recommend movie coming special edition june 20.the cover scamp garbage angel underneath lid 
223,1,cant explain movie romantic charming hilarious adorable.the junkyard scenes funny junkyard dogs something special.too funny laughed kids love it.buy comes new features 
224,0,chosen tortured disgusting piece blatant american propaganda 
225,0,show made americans stupid full hatred clichés admitted elsewhere 
226,0,almost everyone involved must return school acting utterly predictable bad script pile garbage round 
227,0,wish could enter negative values admins 
228,0,sets bad would not look place thunderbirds episode 
229,0,use slow-motion needlessly repeats throughout movie but well backed bad acting bad kind word continuity scenes thrown reason whatsoever vehicles looked like made corn flakes box directorial style bordered stupidity 
230,0,oh yeah storyline pathetic 
231,0,hate writing bad reviews films especially really like star but film bad not believe one second anyone could proud 
232,0,not filmmaker director but would hide head sand 'd spent whatever amount money time movie 
233,0,short monumental waste time energy would not recommend anyone ever see film 
234,0,came free dvd player bought but still turned thing halfway embarrassed howell 
235,0,1/10 setting 0/10 
236,1,interesting premise billy drago always good dangerous nut-bag side note 'd love see drago stephen mchattie lance hendrikson flick together talk raging cheekbones 
237,1,soundtrack not terrible either 
238,0,but acting -- even professionals drago debbie rochon -- terrible directing worse perhaps contributory former dialog chimp-like camera work barely tolerable 
239,1,still sets got big `` 10 '' `` oy-vey '' scale 
240,0,yes simplifying things sake brevity really core problems film much going without real fulfilling explanation 
241,1,good jobs quite amusing 
242,0,but convoluted plot not convince much film watched weird questioning glance 
243,0,let girlfriend talk seeing bad idea hated 
244,1,last 15 minutes movie also not bad well 
245,0,bela lugosi totally extraneous intoning odd lines 
246,0,acting decidely wooden though worse period universal b movie 
247,1,like armand assante cable company summary sounded interesting watched twice already probably 
248,1,believe screenwriter good job tying loose ends 
249,1,8/10 score mostly plot 
250,1,not say not like spoilers not want one but believe film worth time 
251,0,wow bad film 
252,0,not frightening least barely comprehensible 
253,0,plot not hang together acting absolutely appalling 
254,0,not even good camp value 
255,0,not expecting oscar material but 
256,0,'d iq particularly stupid mollusk not see one coming 
257,0,film use word loosely insult movie-going public 
258,0,someone involved knew string together narrative 
259,0,gets 1 10 simply nothing lower 
260,0,one not but watched recently fox movie channel disappointed 
261,0,know contract player little control scripts but acting bad script 
262,0,victor mclaglen even bad brian donlevy almost unrecognizable 
263,0,considering relations screen taylor stanwyck surprising little chemistry screen two 
264,0,but premise film ridiculous president u.s 
265,0,death row scenes entirely unmoving 
266,0,thing worse taylor acting stanwyck singing 
267,0,whatever producer going missed entirely 
268,1,deeply impressed character played 
269,1,knew saw film great things come gifted actor 
270,0,cheap cheerless heist movie poor characterisation lots underbite style stoic emoting think chow yun fat better tomorrow cheesy clichés thrown abandoned factory ready poorly executed flying judo rolls la john woo 
271,0,even squibs look awful 
272,0,point proceedings look remotely like america 
273,0,plot derivative predictable ending like mercy killing 
274,0,awful dialogue hopeless overacting everyone gets shot top real waste space time 
275,0,uneasy bad movie but not scared 
276,0,dialogue composed things make little sense 
277,0,30 minutes footage wasted show mediocre elderly actors awkwardly babbling overwrought pseudo-satanic gibberish corny enough make teen goth blush almost always olde english sometimes latin may may not made words 
278,0,directing sloppy best 
279,0,hackneyed writing certainly but made even worse bad directing 
280,0,course acting blah 
281,0,acting whole cast could put scale balanced perfectly overacting underacting 
282,0,finally get ending would 've great handled competent people not jerry falwell 
283,1,loved movie great portrayal family share ups but end knew special love 
284,1,seen many movies starring jaclyn smith but god one best though came 12 years ago 
285,1,movie contained all-star cast loved opened eyes see actors not seen 
286,1,movie kind long length but enjoyed every minute 
287,1,overall rate movie 10 1-10 scale 
288,1,lifetime not air enough anyone knows store sells let know must-have 
289,0,particularly remember senses assaulted strident cords music would blare little warning even less meaning 
290,0,sort pap screened afternoon punish unemployed not jobs 
291,1,totally different loads understatement black comedy film get see but remember 
292,1,movie creates universe fascinating every way 
293,1,but movie really got 
294,1,see 
295,1,really hope team behind movie makes movies continue kinda weird style 
296,1,forgot casting superb trond fausa aurvåg perfect role bothersome man not understand 
297,1,movie good humorous comment life 2006 
298,1,found move beautiful enjoyable uplifting 
299,1,initially local sites film filmed buffalo intrigued 
300,1,later found lost power film 
301,1,entire audience applauded conclusion film 
302,1,left theater lilt step joy heart hope human race 
303,1,duris wholesome appearance gives fine performance 
304,1,rest cast also play well 
305,1,cinematography noteworthy including fine views barcelona famed gaudi towers 
306,0,ten minutes film started second thoughts 
307,0,half way film started dislike 
308,0,time film ended not disliked despised 
309,0,film lacks convincing script 
310,0,script looks rough draft written shooting began finished script completed 
311,0,things happen characters personalities change plot twists occur real reason script calls 
312,1,cast good 
313,1,worth checking 
314,0,probably irritating show ever seen entire life 
315,0,indescribably annoying idiotic show ever seen 
316,0,everything bad 
317,0,could not understand kind idiot would produce mess first place not mention several season 
318,0,script bad bad  contains cheesiness unethical joke normally see rated r nc-17 movie 
319,0,casting also horrible cause see really really bad actors period 
320,0,final word show real torture 
321,0,zillion times away reality 
322,0,watching washing machine twirling around would not hurt eyes much show 
323,0,rating 0/10 grade z note show bad even mother cast pull daughter show 
324,0,20th century fox road house 1948 not quite silly noir but implausible unmitigated bore movie 
325,0,full unconvincing cardboard characters blandly written edward chodorov also produced surprisingly directed jean negulesco one would expect great deal 
326,0,widmark character turns unintentionally comical 
327,0,losing marbles early proceedings totally implausible unconvincing 
328,0,not enough mess movie picture also marred constant use studio sets indoor exteriors 
329,0,whatever prompted documentary beyond 
330,0,serious spoilers movie huge disappointment 
331,0,many problems dont know start 
332,1,cast great 
333,1,steve martin delivers really funny performance middle-aged upper class uptight white guy 
334,1,add betty white jean smart great cast everyone played parts really well 
335,0,but movie makes lot serious mistakes 
336,0,first enough racial stereotypes racial jokes offend everyone 
337,0,movie littered overt racial slurs towards black cast members return whites depicted morons boobs 
338,0,putting race card aside lets look major flaw film destroy latifa character 
339,0,real plot 
340,0,wouldnt see movie free 
341,1,steamboat willie amazingly important film cinema history 
342,1,second appearance mickey mouse following silent plane crazy earlier year probably famous film -- mostly ground-breaking 
343,1,not yet hear mickey speak tons sound effects music throughout film -- something take granted but huge crowd pleaser 1928 
344,1,however seeing short 25 years amazed timeless film actually 
345,1,adorable seeing mickey playing `` turkey straw '' highly imaginative occasionally cruel way 
346,1,clever real crowd-pleaser -- film still ranks among mickey best films even 80 wonderful years 
347,0,bipolarity ruthless thug one minute ruthless killer next minute luv diaper commercial completely unconvincing 
348,0,'m terribly disappointed film would receive many awards accolades especially far deserving works film 
349,1,original body soul 1947 masterpiece 
350,1,john garfield ann revere lilli plmer william conrad canada lee filmed one greatest cinematographers ever grace screen .. james wong howe 
351,0,not think redeeming qualities remake 
352,0,may bad film ever made 
353,0,bad well bad 
354,0,movie solid example bad plot bad idea way 
355,0,shame see good actors like thomerson james make living mess like 
356,0,thought bad 
357,0,films terrible but credit 1986 version watchable 
358,0,let start problemsthe acting especially lead professor bad 
359,0,script big flawed mess 
360,0,best example dumb writing established turn zombie-students back humans removing necklace containing piece meteorite 
361,0,director paul matthews also wrote/directed weak 1995 monster movie `` grim '' clearly not know pace films 
362,0,movie terribly boring places 
363,0,lighting awful 
364,0,film looks cheap bland 
365,0,one disappointing aspects lack notable gore 
366,0,convention never worked well past certainly not work 
367,0,visual effects awful 
368,0,cg opening sequence space looked like could created microsoft slideshow god sake 
369,0,`` explosion '' gas tanks end awful 
370,1,okay like consider fair critic give credit credit due -- creature effects actually pretty cool 
371,1,got ta love close-ups slimy drooling teeth 
372,0,sum film `` breeders '' terrible cheaply made horror movie avoided like ebola virus 
373,0,not recommended 
374,0,almost unbearable watch screen little charisma terrible comedic timing 
375,0,aside terrible lead film loads debits 
376,0,understand supposed cheap popcorn comedy but not mean completely insult intelligence writing incredibly hackneyed borders offensive 
377,0,lewis black considerable talent wasted incendiary unrestrained pg-13 rating certainly not allow 
378,1,film sole bright spot jonah hill look almost unrecognizable fans recent superbad due amount weight lost interim 
379,0,originality freshness first movie spent remake little else offer 
380,0,budget evidently limited 
381,0,reflected not cast but also below-par script borrowed much earlier classic 
382,0,however decent acting action location work balance things 
383,0,filmiing less expansive 
384,0,failed convey broad sweep landscapes great part original 
385,0,generally lacked imagination 
386,0,not recommended 
387,0,possible movie get worse 
388,0,plot keep going first place 
389,0,even women finally show sign improvement expected things happen time film might far asleep 
390,0,beware not trashy cult movie trash -period 
391,0,not believe even sequel 
392,0,precisely giving bad review 
393,1,90 child truly enjoyed show proudly say enjoyed big time even classical wb cartoons 
394,1,but `` tiny toons '' kept 90 vibe delivered one popular funny underrated cartoons ever created 
395,1,memories murky but say enjoyed every single episode product related show 
396,1,easily none cartoon made laugh tender way getting dark sitcoms oriented teenagers 
397,1,characters funny peculiarity not true lead character 
398,1,every single character hilarious deserved called lead 
399,0,every element story top excessively phony contrived painful sit 
400,0,lines seem written fifteen year old though trying oh hard sound like fifteen year old would really um know well talk 
401,1,perabo nice energy level obviously comfortable front camera 
402,0,simply excuse something poorly done 
403,0,saw movie thought stupid movie 
404,0,even stupid thought idea volcano los angeles 
405,0,honest unbelievable nonsense foolish 
406,0,conclusion not bother movie volcano los angeles nothing but nonsense 
407,0,story line awful 
408,0,painful 
409,0,accents absolutely abysmal 
410,0,also enough hypocrisy film make vomit 
411,0,not waste time watching rubbish non-researched film 
412,1,believe pitch black done well 
413,1,characters interesting want find longer movie goes think people surprised not make 
414,1,go watch 
415,0,omit watching 
416,1,funny 
417,0,rating 3 10 
418,1,characters interesting really care 
419,1,instant classic great soundtrack catchy song ending credits 
420,1,not miss 
421,1,masterful piece film-making many themes simmering occasionally boiling warts study poet bohemian self-indulgent wartime years span aerial bombardments london outward tranquillity welsh coastal retreat borderlines friendship lust love dedication art experience versus practical concerns jealousy rivalry cowardice egotism versus heroism self-sacrifice 
422,1,mature subtle script suggests occasionally brings dramatic focus underlying tensions well served perfect performances apart odd inappropriate smiling keira knightley prone though perhaps direction time characters often mention 
423,1,but exquisite visual composition moment inventive elegant use close-up camera angle lighting including pointillistic faux home movie footage wonder joy behold 
424,1,continuously beautiful look bertolucci but relationships convincing narrative engaging master work 
425,0,basic premise wasted since sidelined inexplicable focus documentary crew 
426,0,regardless film fails levels 
427,0,avoid costs 
428,1,saw film christmas great film 
429,1,thought errol flynn brilliant custer since become favourite actor 
430,1,acting alongside olivia de havilland brilliant ending fantastic 
431,1,always known errol flynn brilliant actor dads favourite actor grew watching films child 
432,1,but not watched film realised great actually 
433,1,give film 10 10 
434,0,know jim o'connor energetic nobody could much but george well dull 
435,0,really not seem want hosting voice-overs monotonous not get involved guests 
436,1,lovely little thriller hitchcock lots nice shenanigans surrounding murdered spy kidnapped child nasty church foreign plot random taxidermists 
437,1,jimmy stewart ever great hero hitchcock story rips along cool climax embassy function but lacks brooding menace hitchcock black white low-budget original 
438,1,nevertheless yet another wonderful film great master stable 
439,1,say film excellently produced tops ratings typical sci fi film 
440,1,excellently produced one sci-fi best producers scot vandiver 
441,1,but entertaining nonetheless 
442,1,campy sort film joy watch 
443,1,barely boring moment film plenty humorous parts 
444,1,cast always entertaining usual 
445,1,overall delight 
446,0,movie mind-bendingly awful could not even created 
447,0,film lacks real scares tension medical terminology used throughout bit iffy say least say insulin dependant diabetic 
448,0,least said acting better 
449,1,movie excellent job revealing complexity task incredible challenges facing south africa 
450,1,believe every one see movie think people outside south africa understand past attempted truth reconciliation process 
451,1,nothing short magnificent photography/cinematography film 
452,1,acting fantastic stories seamlessly woven together dogs splendid ............. must rent view see 
453,1,not afraid subtitles ........ worth little aversion therapy 10/10 
454,1,excellent performance 
455,1,still good actors around 
456,1,also great directing photography 
457,1,true shakespear 'must shakespear fans 
458,1,macbeth jason connery moved tears final monolog brief candle gave sphere moral decay dark forces human face makes interesting 
459,1,helen baxendale credible lady macbeth cheerfull times sometimes looks like naughty girl but deadly taste blood evil 
460,1,love death decay shakespears lyrics one 
461,1,witty delightful adaptation dr seuss book brilliantly animated upa finest thoroughly deserving academy award 
462,1,special mention made superb music score sound effects integral element helping make memorable enjoyable cartoon 
463,1,however paul schrader indeed made film `` '' mishima superb complex 
464,1,also notable john bailey fine crisp beautifully colored cinematography great production design costumes eiko ishioka went memorable costumes coppola dracula received well deserved oscar 
465,0,even allowing poor production values time 1971 format kind mini-series baaaaaad 
466,0,unless visually `` collect '' extant films austen work skip one 
467,1,watch however small consolations actresses playing anne sisters wonderful job roles 
468,0,not good 
469,0,speaking music unbearably predictably kitchy 
470,0,film dropped ball 
471,1,stunning movie 
472,1,raw sublimely moving 
473,1,felt like gripping intelligent stage play but without overly theatrical feeling one actually gets watching people stage plays everyone terror white lie escalating monstrous consequences 
474,1,main players mesmerising 
475,1,tom wilkinson broke heart end everyone else judging amount fumbling hankies hands going faces among males females alike 
476,1,julian fellowes triumphed 
477,1,national treasure 
478,1,go see 
479,1,excellent film 
480,1,aerial scenes well-done 
481,1,also right balance war love 
482,1,film gives meaning phrase `` never history human conflict much owed many 
483,1,kris kristoffersen good movie really makes difference 
484,1,good film great director 
485,1,definitely one better documentaries seen looking family relationships marriage 
486,0,many continuity errors one user commented different cars garage joe glasses one got fact joe facial hair configuration seemed change scene scene 
487,1,great movie 
488,1,10 10 stars 
489,0,not see movie inspiration anyone come overcome fear rejection 
490,0,bad actually worth seeing reason 
491,1,punishment park brilliant piece cinema 
492,1,shot southern california desert using patent faux documentary style watkins creates film like 
493,1,one peter watkins accessible films 
494,1,advise look 
495,1,wont regret 
496,1,highly recommended a+ 
497,0,well keep thinking bad 
498,0,mediocre miserable hollow laughable predictable piece garbage 
499,0,case 'so bad laughable 
500,0,bad performance plays angela bennett computer expert home time 
501,0,film nothing pretext show ridiculous action scenes 
502,0,awful 
503,0,but still bad actress repeating robotic face moves pictures 
504,0,results well shame 
505,0,delete film mind 
506,0,one worst shows time 
507,0,show would begin smart ass ed comments would totally wall uncalled 
508,0,fat computer geek unbelievable bible thumper bad-ass girl actors 
509,0,never heard except cole totally unbelievable part 
510,0,every time opened mouth expect hear `` see kids '' pulling plug mercy killing horrible show 
511,0,stories unbelievable actors 
512,0,lame would best way describe 
513,1,stanwyck morgan perfectly cast many ways modern equivalent dickens christmas carol sensibility 
514,1,success film depends casting sydney greenstreet alexander yardley character 
515,1,attractive set used throughout film eye-pleasing gem 
516,0,im big fan rpg games but movie disgrace self-respecting rpger 
517,0,lines cuts audio everything wrong 
518,0,find better movies youtube 
519,0,top line not waste time money one bad comes 
520,0,lassie movie `` put sleep '' .... forever 
521,0,'d describe painfully dreary time-waster film 
522,0,mediocre every aspect becomes dull uninteresting mess one forgettable movies 've seen 
523,0,not even achievement `` so-bad-it's-good '' `` so-bad-it's-memorable '' movie 
524,0,empty hollow shell movie 
525,0,seriously not worth wasting kid time 
526,0,avoid avoid avoid 
527,0,drive barking mad 
528,1,transfers good 
529,1,nice relaxing late night viewing 
530,1,movie full wonderful dancing hence title 
531,1,great music terrific scenery 
532,1,handles tough issues dignity grace course shocking spoiler 
533,1,happy wonderful feel good ending 
534,1,point journey journey touches every member family 
535,1,one movies need see whenever comes tv never mind fact already memorized 
536,0,nothing new 
537,0,done second movie 
538,0,movie almost action scenes little comedy 
539,0,plot holes pair fishnet stockings direction editing astonishingly ham fisted 
540,0,earth irons film 
541,1,saw film recommend 
542,1,good plot holds complete attention acting superb tom wilkinson fantastic emily watson also good 
543,1,good film indeed great unconditional love 
544,1,tom wilkinson character man not prepared ordeal begin but takes matter hand story progresses great actor gives performance makes feel character anguish suffering 
545,1,emily watson character strong give quick glance understand everything 
546,1,despite pans reviewers liked movie 
547,1,fact liked better interview vampire liked lestat stuart townsend better cruise attempt 
548,1,aailiyah pretty good akasha places compelling first entrance mini dance scene 
549,1,'m big fan series mostly due anne rice style sensitivities treatments 
550,1,guess liked details dysfunction -- believable 
551,0,football scenes end perplexing 
552,1,but thought acting skilled 
553,1,meredith better right 
554,1,charming film wonderful sentiment heart 
555,1,rare film-maker takes time tell worthy moral tale care love not fall trap overly syrupy indulgent 
556,1,nine ten truly lovely film 
557,1,early film future goremeister lucio fulci good addition giallo sub-genre 
558,1,one best italian thrillers early 70 
559,1,standout scene 
560,0,scene strong unpleasant 
561,1,technically film well made impressive camera-work solid acting effective music riz ortolani  particularly good recurring unaccompanied female vocal sounds like coming distant hill 
562,1,still wild stuff though highly recommended fans giallo cinema 
563,1,movie interesting beginning end 
564,1,liked way dustin hoffman character ready everything stay son 
565,1,movie also revealing 
566,1,personally think shows people learn find compromise self without involving people issue 
567,0,boring 
568,0,tired clichés lazy writing come thick fast 
569,1,ps scene movie cool central character finds room blown 
570,1,fresh subtle rather sublime effect 
571,1,italian reviewer called `` small great film '' right 
572,1,actors give wonderful performance especially jennifer rubin jamie harris changes nervous starlet beginning strange events part cool star 
573,1,learn lot real inside emotions people movie lot movie business 
574,1,movie movie situations beginning game played `` acting coach '' fascinating 
575,1,also music mark snow possibly best score 've ever heard 
576,1,not forget movie 
577,0,film made 
578,0,film ultra-cheap look 
579,0,result film not look right 
580,0,none engaging exciting 
581,0,plot nonsense not interest slightest way uniqueness 
582,0,foreigner not worth one second time 
583,1,saw child tv back 1973 `` stranger '' loved 
584,1,but duet astronaut doctor beginning movie perfect exchange one considers movie made well cold war astronaut biggest fear crashed ussr 
585,1,movie awesome 
586,1,loved really scary 
587,1,love scream movies horror movies one ranks way 
588,1,want real scare rent one 
589,1,10/10 
590,1,extraordinary film 
591,1,courtroom drama compelling indictment american justice system frightening 
592,1,film highlights fundamental flaws legal process not discovering guilt innocence but rather presents better court 
593,1,film well paced understated one best courtroom documentaries 've seen 
594,1,mostly routine fact-based tv drama gets boost fine performance cole 
595,1,predictable but not bad watch 
596,1,clear range ability pull part 
597,1,carries movie well 
598,1,constantine gives everything right intensity seems good understanding underlying psychological motivations 
599,1,wonderful inspiring watch hope gets released video dvd 
600,0,piece trash ever released beyond acting story characters supposedly special effects etc wrong 
601,0,fact stinker smells like direct-to-video release 
602,0,avoid costs 
603,0,star trek v final frontier worst series 
604,0,acting involved includes like shatner nimoy bad washed making seem old look real life special effects tacky like spock rescue kirk jet pack falls mountain 
605,0,attempts humor pitiful story awful dose not bear thinking basically involves vulcan stealing enterprise find god seriously not care film oh not mention uhura belly dance distract male guards 
606,0,place good film garbage 
607,0,worst one series 
608,1,editing editing film phenomenal opinion 
609,1,song could explain emotions subjects better jay adams unfortunate life subject talk song old man neil young played evokes many emotions 
610,1,cinematography film shot interesting way 
611,1,course footage 70s grainy but enhanced film 
612,1,film offers many delights surprises 
613,1,achille philippa beautifully sing duet `` giovanni '' perfectly describes situation movie appreciate subtle layers excellent film 
614,1,story unfolds 18th century jutland use period music played period instruments one fine touch 
615,1,share general loewenhielm exquisite joy partaking cailles en sarcophage even though watching movie but wish small sample savor 
616,1,but understated film leaves lasting impression 
617,1,warmth generates contrast austere backdrop 
618,1,leave theater wanting go dance stars 
619,1,acting 'd expect cast top notch 
620,1,characters fleshed surprisingly well particularly grimes blake actors deliver sharply scripted lines right amount deadpan tongue cheek make dialogue hilarious realistic 
621,1,angus scrimm also turns good performance somewhat brief but memorable role gently menacing violin-playing anatomist doctor quinn 
622,1,conclusion loved 
623,1,long time since entertained movie 
624,1,struggle find anything bad say 
625,1,mark words one cult films like evil dead 2 phantasm people still discovering falling love 20 30 40 years line 
626,1,pretty surprising wonderful film made 1949 hollywood generally collective heads sand concerning black white issues time 
627,1,film deserves strong kudos taking stand exceptional acting mostly lesser-known cast super-intelligent script not insult audience take easy way comes white racism 
628,1,plus movie rather modest budget fast running time amazing job 
629,1,juano hernandez exceptional actor played supporting roles many films era proud black man accused murdering white man south 
630,1,trumbull love lucy 
631,1,see kids chance -- open amazing dialog far race relations come last 50 years 
632,1,see films 
633,1,year however reminded us huston still top game evinced faithful adaptation james joyce acclaimed novella `` dead 
634,1,feelings thoughts gabriel discomfort dance intangibles leap life come within viewer grasp huston portrayal 
635,0,disappointed wondered could oscar shortlist 
636,0,slow 
637,0,lot holes plot nothing became emperor nothing spend 20 years childhood mature age 
638,0,not waste time 
639,0,end days one worst big-budget action movies 've ever seen 
640,0,surely not know make coherent action movie screenwriter air force one obliged write script big sum money 
641,0,one worst films ever seen 
642,0,'m still trying get bad 
643,1,movie possibly one creative works horror ever 
644,1,everything could want suspense drama comedy confusing subplots native americans brain eating looking be-all end-all brainsucking movies look 
645,1,great sound effects impressive special effects not recommend movie enough 1 call nut but think one best movies ever 1 great character actors telly savalas peter boyle 1 1 hour 54 minutes sheer tedium melodrama horrible acting mess script sinking feeling good lord thinking 0 lots holes script 0 like bad two hour tv movie 0 imagine every single one decisions made wrong 0 dialogue atrocious 0 acting beyond abysmal 0 everything stinks 0 trouble writing directing make impossible establish things make movie watchable like character story theme 0 worse incredibly weak sub-plot thrown follows little band latter-day mansonites go reporter working story anniversary killings 0 dumb pointless complete waste time 0 short not bother movie 0 not spoil but ending pretty amazing 1 best scene movie end but not spoil 1 ever indication writer director ability meld two highly volatile temperaments seamless union creativity 1 result powerhouse achievement made timely perhaps culture disturbing fascination celebrity distorted interpretations fame 1 film not easily forgotten 1 but kevin spacey excellent verbal tsunami buddy ackerman  totally believable great actor 1 scripting subtle comedy unmatched movie recent years 1 characters interesting even bit predictable 1 highly recommended ages although younger set probably not appreciate subtle references certainly appreciate one galley scene particular 1 great movie 1 also story acting weak 0 around 4 pm bought around 8pm started watch around 8.15pm fast forwarded remaining film see anything left watchable human brain but not 0 either way sucks 0 script horrendously stupid 0 story starts fast absolutely suspense build-up slightest 0 everything captain howdy says either laughable plain stupid 0 hell kind crap 0 plot holes 0 could drive semi truck holes 0 linda cardellini thing good film 1 poised amazing 1 dee snider plain sucks 0 not act one least scary villains ever seen not write write damn movie sleep 0 bored throughout whole damn thing 0 acting sucks music sucks script sucks pacing sucks special fx suck directing sucks basically movie sucks 0 film tries serious sophisticated thriller/horror flick fails miserably 0 probably one least effective utterly unoriginal films ever seen entire life 0 piece cinematic garbage captured celluloid 0 avoid costs 0 rate film stinks not funny fulci stayed giallo supernatural zombie movies 0 avoid film costs 0 not know happened season five mess 0 consistent thread holding series together amazing performances leni parker anita laselva two taelons quiet idealogical conflict 0 movie really dislike 0 one boring horror movies 90 mainly starts slow centers boring atmosphere 0 puppets look really cheesy not good way like puppet master 80 flicks 0 story lame not interesting never really explains sinister origins puppets 0 not death scenes like previous movies f/x terrible 0 felt asleep first time watched recommend insomniacs 0 fact film wonderful heartwarming tale two people chasing dreams 1 best part nurse betty '' unpredictability 
646,1,director neil labute uses brutal violence seperate dreams reality along touching drama hilarious comedy never tell going happen next 
647,0,otherwise not even waste time 
648,0,one fails create real suspense 
649,0,killer not expect anything original even remotely frightening 
650,1,however pretty good acting least type film 
651,0,'m sorry but really not recommend anyone 
652,0,one boring pointless movies ever seen 
653,0,secondary plot line incomprehensible relation primary plot line mystifying 
654,0,hated 
655,0,one worst sandra bullock movie since speed 2 but not quite bad 
656,0,not understand garbage got shelves movie store not even real movie 
657,0,highly doubt anyone could ever like trash 
658,0,not movie-making 
659,0,acting like watching wooden puppets moving around reading book bad 
660,0,warn -- not rent movie dumbest thing never seen 
661,1,saw short film hbo day absolutely loved 
662,1,not realize wonderful short really last two scenes 
663,1,excellent short film 
664,1,hopefully director james cox turn short feature length film cast win us whole new film 
665,0,agree jessica movie pretty bad 
666,0,characters one-dimensional even good guys especially bad guys 
667,0,story line totally predictable 
668,1,not much dialogue not much music whole film shot elaborately aesthetically like sculpture 
669,0,'ve seen soap operas intelligent movie 
670,0,bad characters bad story bad acting 
671,0,really awful 
672,0,not easy watch 
673,1,funny clever hip like pray previous film hype 
674,1,long time not see charismatic actor screen 
675,1,paolo sorrentino written wonderful story loneliness tony built one unforgettable characters seen movies recent years 
676,1,movie not completely perfect but 'titta di girolamo stay long time vision movie 
677,1,rate movie 9/10 
678,1,not know emilio estevez directorial debut but pacing interplay development characters well clever camera work surrounding character estevez plays suggest natural eye 
679,1,interplay martin emilio contains wonderful chemistry saw wall street martin charlie 
680,1,kathy bates wonderful characters subtle desperation escapism variation character `` play fields lord '' 
681,1,readers already seen one miyazaki films still top form made another worthwhile experience 
682,1,never condescends characters good genuine hearts believable problems 
683,1,two main characters may two believable children ever saw put screen 
684,1,easy love but even easy identify 
685,1,movie great -- especially enjoy visual arts 
686,1,scenery two daughters paint photograph beautiful 
687,1,story also funny poignant times 
688,1,people like european films `` art movies '' like movie 
689,1,truly art movie -- actually lot art 
690,1,go rent 
691,1,however finally watching film realized not closed mind brilliance depicts also found watching 
692,1,one movie never ceases interest simply keeps alert try attempt decipher meanings 
693,1,brilliance indeed 
694,1,but liked movies like matrix better yet sequels think appreciate thought provoking mindblowing experience film give 
695,1,think film like dream 
696,1,simply beautiful 
697,1,rickman stowe play roles hilt tale childrens book writer -- maybe -- written subversive tract 
698,1,gloriously fun fast paced fairly accurate portrayal night raver 
699,1,presents idyllic yet serious portrayal ups downs characters lives 
700,0,whatever avoid `` groove '' antithesis good human traffic 
701,0,bad everyone else involved not share crowe level dedication quality 'd far better film hands sub-par mess 
702,0,movie seemed little slow first 
703,1,but picked speed got right point 
704,1,showed exactly government scientist argued humanity reasons `` gadget '' 
705,1,enjoyed 
706,1,recommended friends 
707,1,particularly pleased acting ability dwight schultz 
708,1,actors truly understand become particular character delivering convincing sincere performance 
709,1,on-screen chemistry critical entire film genuine 
710,1,film dialogue natural real life 
711,1,writer gorman bechard undoubtedly homework references industry character-age appropriate 
712,1,incredible soundtrack truly captures essence film 
713,1,track commands sentiment actually contributing scenes characters 
714,1,definitely worth seeing sort thought provoking film forces question threshold loneliness 
715,1,hayao miyazaki latest eighth film studio ghibili `` gake ue ponyo '' ponyo cliff sea wonderfully fun imaginative look childhood 
716,1,time seems film animation dominated disney/pixar cgi masterpieces refreshing comforting know miyazaki still relying traditional hand-drawn animation tell charming enchanting stories 
717,1,enough not said remarkable animation film 
718,1,art style appearance crayon/pencil drawings wonderfully colorful fanciful 
719,0,act film glad gon na drift away earth far possible 
720,0,one wants surf small wave space movies 1998 deep impact armageddon one fails everywhere 
721,0,not choked vomit end cheap drama worthless dialogue 've must bored death waste time 
722,1,still makes super ending depicts great sea vessel taken mighty frost 
723,1,consider excellent story solid acting look film added bonuses 
724,0,instead got bore fest whiny spoiled brat babysitting 
725,1,watched two sundays ago march 20th 2005 began really enjoy time taped entire thing 
726,1,well acted done tv movie 
727,1,judith light one favorite actresses think superb job film 
728,1,keep watching 
729,1,sad movie but good 
730,1,not seen movie definitely recommend 
731,1,lovely usual cutie 
732,1,still quite interesting entertaining follow 
733,1,recommend confidence 
734,1,movie well-balanced comedy drama thoroughly enjoyed 
735,1,riot see hugo weaving play sex-obsessed gay real estate salesman uses clients houses trysts flaming darren tom hollander 
736,1,anyway plot flowed smoothly male-bonding scenes hoot 
737,1,opening sequence gem classic cat n mouse games follow delight watch 
738,1,fans genre heaven 
739,1,lange become great actress 
740,1,looked like wonderful story 
741,0,never walked movie faster 
742,0,got bored watching jessice lange take clothes 
743,0,unfortunately virtue film production work lost regrettable script 
744,0,word embarrassing 
745,0,exceptionally bad 
746,0,insult one intelligence huge waste money 
